Year,Month,Food.sub.category,total
2011,April,Bakery products,45181683
2011,April,Canned Meats,16525655
2011,April,Confectionary,22034752
2011,April,Cordial,4756934
2011,April,Crisps and snacks,11896460
2011,April,Electrolyte drinks,12132053
2011,April,Noodles,16825908
2011,April,Processed Meats,14790292
2011,April,Soft Drinks,12741603
2011,April,Sugar,10318710
2011,August,Bakery products,61244391
2011,August,Canned Meats,25332537
2011,August,Confectionary,27934851
2011,August,Cordial,12052699
2011,August,Crisps and snacks,10108030
2011,August,Electrolyte drinks,21135765
2011,August,Noodles,31377022
2011,August,Processed Meats,24574195
2011,August,Soft Drinks,22302129
2011,August,Sugar,17484177
2011,December,Bakery products,66556642
2011,December,Canned Meats,41544527
2011,December,Confectionary,51855570
2011,December,Cordial,26485328
2011,December,Crisps and snacks,18516268
2011,December,Electrolyte drinks,21111266
2011,December,Noodles,31546100
2011,December,Processed Meats,40612711
2011,December,Soft Drinks,20133845
2011,December,Sugar,18054872
2011,February,Bakery products,24428367
2011,February,Canned Meats,5010160
2011,February,Confectionary,16722664
2011,February,Cordial,10688064
2011,February,Crisps and snacks,11719600
2011,February,Electrolyte drinks,14476510
2011,February,Noodles,14126433
2011,February,Processed Meats,4953389
2011,February,Soft Drinks,13945932
2011,February,Sugar,17826228
2011,January,Bakery products,41360048
2011,January,Canned Meats,34675849
2011,January,Confectionary,11969715
2011,January,Cordial,8648079
2011,January,Crisps and snacks,6338850
2011,January,Electrolyte drinks,25694684
2011,January,Noodles,15517378
2011,January,Processed Meats,31458767
2011,January,Soft Drinks,25696915
2011,January,Sugar,22104421
2011,July,Bakery products,24188885
2011,July,Canned Meats,13622604
2011,July,Confectionary,21482702
2011,July,Cordial,12437214
2011,July,Crisps and snacks,11358900
2011,July,Electrolyte drinks,24185281
2011,July,Noodles,19615315
2011,July,Processed Meats,13370001
2011,July,Soft Drinks,24697603
2011,July,Sugar,15873567
2011,June,Bakery products,70091865
2011,June,Canned Meats,27594053
2011,June,Confectionary,38567000
2011,June,Cordial,9559613
2011,June,Crisps and snacks,18535430
2011,June,Electrolyte drinks,21386587
2011,June,Noodles,25494077
2011,June,Processed Meats,26943526
2011,June,Soft Drinks,22984702
2011,June,Sugar,5674196
2011,March,Bakery products,40721378
2011,March,Canned Meats,22019950
2011,March,Confectionary,28872643
2011,March,Cordial,9039606
2011,March,Crisps and snacks,13945610
2011,March,Electrolyte drinks,5625222
2011,March,Noodles,24855055
2011,March,Processed Meats,21911669
2011,March,Soft Drinks,5676918
2011,March,Sugar,12652650
2011,May,Bakery products,40968625
2011,May,Canned Meats,36979795
2011,May,Confectionary,22315429
2011,May,Cordial,10744168
2011,May,Crisps and snacks,2508877
2011,May,Electrolyte drinks,11061172
2011,May,Noodles,6924294
2011,May,Processed Meats,36697834
2011,May,Soft Drinks,12161907
2011,May,Sugar,21952819
2011,November,Bakery products,52750846
2011,November,Canned Meats,26297065
2011,November,Confectionary,29682960
2011,November,Cordial,11604534
2011,November,Crisps and snacks,13117821
2011,November,Electrolyte drinks,39732246
2011,November,Noodles,25422522
2011,November,Processed Meats,26258929
2011,November,Soft Drinks,39360541
2011,November,Sugar,20026923
2011,October,Bakery products,51974745
2011,October,Canned Meats,17818852
2011,October,Confectionary,18047788
2011,October,Cordial,9714124
2011,October,Crisps and snacks,10901434
2011,October,Electrolyte drinks,9174575
2011,October,Noodles,18584348
2011,October,Processed Meats,17742645
2011,October,Soft Drinks,9289989
2011,October,Sugar,12222787
2011,September,Bakery products,39847881
2011,September,Canned Meats,20378558
2011,September,Confectionary,34156213
2011,September,Cordial,9909603
2011,September,Crisps and snacks,11968508
2011,September,Electrolyte drinks,4051867
2011,September,Noodles,19525098
2011,September,Processed Meats,20256364
2011,September,Soft Drinks,4589625
2011,September,Sugar,23088358
2012,April,Bakery products,25700567
2012,April,Canned Meats,12563006
2012,April,Confectionary,20608262
2012,April,Cordial,5054851
2012,April,Crisps and snacks,4510124
2012,April,Electrolyte drinks,17726285
2012,April,Noodles,9834422
2012,April,Processed Meats,12554202
2012,April,Soft Drinks,17616450
2012,April,Sugar,11177179
2012,August,Bakery products,69934371
2012,August,Canned Meats,43996364
2012,August,Confectionary,36315083
2012,August,Cordial,14979904
2012,August,Crisps and snacks,16718076
2012,August,Electrolyte drinks,13905914
2012,August,Noodles,29384875
2012,August,Processed Meats,43657871
2012,August,Soft Drinks,13927394
2012,August,Sugar,23874547
2012,December,Bakery products,38792486
2012,December,Canned Meats,6360400
2012,December,Confectionary,32738520
2012,December,Cordial,14274556
2012,December,Crisps and snacks,12469009
2012,December,Electrolyte drinks,33186742
2012,December,Noodles,28030498
2012,December,Processed Meats,6279448
2012,December,Soft Drinks,33124888
2012,December,Sugar,15280530
2012,February,Bakery products,39426241
2012,February,Canned Meats,4767484
2012,February,Confectionary,23949379
2012,February,Cordial,6670893
2012,February,Crisps and snacks,7858084
2012,February,Electrolyte drinks,3612005
2012,February,Noodles,13240777
2012,February,Processed Meats,4586403
2012,February,Soft Drinks,3619247
2012,February,Sugar,5613294
2012,January,Bakery products,44562426
2012,January,Canned Meats,13075274
2012,January,Confectionary,28341845
2012,January,Cordial,7100527
2012,January,Crisps and snacks,14151733
2012,January,Electrolyte drinks,38214777
2012,January,Noodles,26119105
2012,January,Processed Meats,13028370
2012,January,Soft Drinks,38238756
2012,January,Sugar,12935196
2012,July,Bakery products,33815624
2012,July,Canned Meats,40996041
2012,July,Confectionary,18288536
2012,July,Cordial,6201797
2012,July,Crisps and snacks,10732272
2012,July,Electrolyte drinks,18527529
2012,July,Noodles,25910458
2012,July,Processed Meats,40979682
2012,July,Soft Drinks,18632975
2012,July,Sugar,14208946
2012,June,Bakery products,25284938
2012,June,Canned Meats,1275705
2012,June,Confectionary,23590108
2012,June,Cordial,10794820
2012,June,Crisps and snacks,6295952
2012,June,Electrolyte drinks,13853696
2012,June,Noodles,16939528
2012,June,Processed Meats,1233633
2012,June,Soft Drinks,14400667
2012,June,Sugar,18647150
2012,March,Bakery products,53803011
2012,March,Canned Meats,27501103
2012,March,Confectionary,27735173
2012,March,Cordial,8619982
2012,March,Crisps and snacks,10935090
2012,March,Electrolyte drinks,14425685
2012,March,Noodles,24228561
2012,March,Processed Meats,27484430
2012,March,Soft Drinks,14399567
2012,March,Sugar,6222461
2012,May,Bakery products,71424244
2012,May,Canned Meats,25627374
2012,May,Confectionary,33231670
2012,May,Cordial,12314109
2012,May,Crisps and snacks,14119966
2012,May,Electrolyte drinks,15206450
2012,May,Noodles,28577029
2012,May,Processed Meats,25460092
2012,May,Soft Drinks,15851963
2012,May,Sugar,7468468
2012,November,Bakery products,44426782
2012,November,Canned Meats,42263299
2012,November,Confectionary,38075465
2012,November,Cordial,10678424
2012,November,Crisps and snacks,15865189
2012,November,Electrolyte drinks,18768834
2012,November,Noodles,26407284
2012,November,Processed Meats,42067246
2012,November,Soft Drinks,18281458
2012,November,Sugar,3017572
2012,October,Bakery products,53224615
2012,October,Canned Meats,16956345
2012,October,Confectionary,20014129
2012,October,Cordial,7129197
2012,October,Crisps and snacks,6311227
2012,October,Electrolyte drinks,22866646
2012,October,Noodles,11377780
2012,October,Processed Meats,16951342
2012,October,Soft Drinks,23289584
2012,October,Sugar,12545760
2012,September,Bakery products,51824358
2012,September,Canned Meats,2954764
2012,September,Confectionary,29990941
2012,September,Cordial,9923094
2012,September,Crisps and snacks,17153873
2012,September,Electrolyte drinks,7138236
2012,September,Noodles,29559224
2012,September,Processed Meats,2913142
2012,September,Soft Drinks,6900701
2012,September,Sugar,6151884
2013,April,Bakery products,54690227
2013,April,Canned Meats,5433994
2013,April,Confectionary,48106813
2013,April,Cordial,13631715
2013,April,Crisps and snacks,23251385
2013,April,Electrolyte drinks,47284069
2013,April,Noodles,30071489
2013,April,Processed Meats,5261259
2013,April,Soft Drinks,46738990
2013,April,Sugar,21566995
2013,August,Bakery products,88698811
2013,August,Canned Meats,26682438
2013,August,Confectionary,31438040
2013,August,Cordial,16924292
2013,August,Crisps and snacks,16527741
2013,August,Electrolyte drinks,26218963
2013,August,Noodles,27511685
2013,August,Processed Meats,26588369
2013,August,Soft Drinks,26260431
2013,August,Sugar,5565789
2013,December,Bakery products,66729145
2013,December,Canned Meats,21956043
2013,December,Confectionary,34863527
2013,December,Cordial,10571034
2013,December,Crisps and snacks,10617802
2013,December,Electrolyte drinks,46675077
2013,December,Noodles,26593296
2013,December,Processed Meats,21799493
2013,December,Soft Drinks,46382776
2013,December,Sugar,13111654
2013,February,Bakery products,60262979
2013,February,Canned Meats,18259491
2013,February,Confectionary,31443162
2013,February,Cordial,8585626
2013,February,Crisps and snacks,9862630
2013,February,Electrolyte drinks,12493021
2013,February,Noodles,26493840
2013,February,Processed Meats,18095454
2013,February,Soft Drinks,12099288
2013,February,Sugar,8484304
2013,January,Bakery products,100272791
2013,January,Canned Meats,63474905
2013,January,Confectionary,34367523
2013,January,Cordial,11885730
2013,January,Crisps and snacks,15841215
2013,January,Electrolyte drinks,22546889
2013,January,Noodles,33991081
2013,January,Processed Meats,63287906
2013,January,Soft Drinks,22740495
2013,January,Sugar,24882145
2013,July,Bakery products,19150243
2013,July,Canned Meats,5830420
2013,July,Confectionary,29344970
2013,July,Cordial,16247382
2013,July,Crisps and snacks,14384426
2013,July,Electrolyte drinks,19189681
2013,July,Noodles,23154227
2013,July,Processed Meats,5731272
2013,July,Soft Drinks,19867205
2013,July,Sugar,23820167
2013,June,Bakery products,35694085
2013,June,Canned Meats,28257184
2013,June,Confectionary,25747713
2013,June,Cordial,12795665
2013,June,Crisps and snacks,8122096
2013,June,Electrolyte drinks,24411534
2013,June,Noodles,16550986
2013,June,Processed Meats,16438172
2013,June,Soft Drinks,24517213
2013,June,Sugar,9193514
2013,March,Bakery products,30227481
2013,March,Canned Meats,13855868
2013,March,Confectionary,30473458
2013,March,Cordial,11314839
2013,March,Crisps and snacks,14564583
2013,March,Electrolyte drinks,13611145
2013,March,Noodles,26252657
2013,March,Processed Meats,13770518
2013,March,Soft Drinks,14219334
2013,March,Sugar,14447235
2013,May,Bakery products,48540969
2013,May,Canned Meats,15427856
2013,May,Confectionary,22624647
2013,May,Cordial,7664979
2013,May,Crisps and snacks,11003376
2013,May,Electrolyte drinks,8638474
2013,May,Noodles,20029695
2013,May,Processed Meats,15337100
2013,May,Soft Drinks,8616418
2013,May,Sugar,14054052
2013,November,Bakery products,100290291
2013,November,Canned Meats,24330494
2013,November,Confectionary,39142349
2013,November,Cordial,16752181
2013,November,Crisps and snacks,17777067
2013,November,Electrolyte drinks,19364573
2013,November,Noodles,26369942
2013,November,Processed Meats,24045441
2013,November,Soft Drinks,19408463
2013,November,Sugar,8871900
2013,October,Bakery products,75631684
2013,October,Canned Meats,24361238
2013,October,Confectionary,26988785
2013,October,Cordial,10777588
2013,October,Crisps and snacks,15927362
2013,October,Electrolyte drinks,14301575
2013,October,Noodles,29919531
2013,October,Processed Meats,24144779
2013,October,Soft Drinks,15175746
2013,October,Sugar,15980567
2013,September,Bakery products,26616546
2013,September,Canned Meats,3118776
2013,September,Confectionary,16583038
2013,September,Cordial,8501295
2013,September,Crisps and snacks,7803941
2013,September,Electrolyte drinks,10092188
2013,September,Noodles,18450225
2013,September,Processed Meats,3002002
2013,September,Soft Drinks,10377604
2013,September,Sugar,5292321
2014,April,Bakery products,36239540
2014,April,Canned Meats,11986720
2014,April,Confectionary,21936749
2014,April,Cordial,3445632
2014,April,Crisps and snacks,3636009
2014,April,Electrolyte drinks,22399445
2014,April,Noodles,16565359
2014,April,Processed Meats,11986720
2014,April,Soft Drinks,23096799
2014,April,Sugar,9230212
2014,August,Bakery products,42574171
2014,August,Canned Meats,32044519
2014,August,Confectionary,30652909
2014,August,Cordial,8316803
2014,August,Crisps and snacks,16450677
2014,August,Electrolyte drinks,22465018
2014,August,Noodles,26339394
2014,August,Processed Meats,31973502
2014,August,Soft Drinks,22126286
2014,August,Sugar,12302137
2014,December,Bakery products,70818556
2014,December,Canned Meats,33808156
2014,December,Confectionary,45048597
2014,December,Cordial,13839499
2014,December,Crisps and snacks,13742497
2014,December,Electrolyte drinks,45532501
2014,December,Noodles,28873408
2014,December,Processed Meats,27934869
2014,December,Soft Drinks,45080668
2014,December,Sugar,33489988
2014,February,Bakery products,49712935
2014,February,Canned Meats,6578031
2014,February,Confectionary,22204153
2014,February,Cordial,5948950
2014,February,Crisps and snacks,7914305
2014,February,Electrolyte drinks,16341031
2014,February,Noodles,17466900
2014,February,Processed Meats,6508909
2014,February,Soft Drinks,16555621
2014,February,Sugar,6466189
2014,January,Bakery products,33138076
2014,January,Canned Meats,44491727
2014,January,Confectionary,10364184
2014,January,Cordial,3825092
2014,January,Crisps and snacks,6758114
2014,January,Electrolyte drinks,11344164
2014,January,Noodles,18847596
2014,January,Processed Meats,44461580
2014,January,Soft Drinks,11497431
2014,January,Sugar,10346619
2014,July,Bakery products,80828628
2014,July,Canned Meats,34086311
2014,July,Confectionary,30973345
2014,July,Cordial,7311753
2014,July,Crisps and snacks,13411617
2014,July,Electrolyte drinks,9995239
2014,July,Noodles,23119494
2014,July,Processed Meats,22294259
2014,July,Soft Drinks,9930217
2014,July,Sugar,11655518
2014,June,Bakery products,51698432
2014,June,Canned Meats,14686984
2014,June,Confectionary,20552457
2014,June,Cordial,7771532
2014,June,Crisps and snacks,9372212
2014,June,Electrolyte drinks,24212968
2014,June,Noodles,26474780
2014,June,Processed Meats,14345542
2014,June,Soft Drinks,24222580
2014,June,Sugar,12363956
2014,March,Bakery products,22461919
2014,March,Canned Meats,15744512
2014,March,Confectionary,30284250
2014,March,Cordial,10419482
2014,March,Crisps and snacks,7539922
2014,March,Electrolyte drinks,23470718
2014,March,Noodles,12574669
2014,March,Processed Meats,4779169
2014,March,Soft Drinks,23624201
2014,March,Sugar,10339940
2014,May,Bakery products,43877378
2014,May,Canned Meats,13809528
2014,May,Confectionary,23235412
2014,May,Cordial,8242628
2014,May,Crisps and snacks,9920820
2014,May,Electrolyte drinks,22955582
2014,May,Noodles,26983798
2014,May,Processed Meats,13755938
2014,May,Soft Drinks,22563752
2014,May,Sugar,5123427
2014,November,Bakery products,79828722
2014,November,Canned Meats,35478745
2014,November,Confectionary,26902595
2014,November,Cordial,12337548
2014,November,Crisps and snacks,16543817
2014,November,Electrolyte drinks,33158841
2014,November,Noodles,36700870
2014,November,Processed Meats,35423594
2014,November,Soft Drinks,33760990
2014,November,Sugar,16003661
2014,October,Bakery products,29969902
2014,October,Canned Meats,3024484
2014,October,Confectionary,21581679
2014,October,Cordial,15737417
2014,October,Crisps and snacks,9595293
2014,October,Electrolyte drinks,18729950
2014,October,Noodles,20808744
2014,October,Processed Meats,2929209
2014,October,Soft Drinks,17512967
2014,October,Sugar,13102607
2014,September,Bakery products,70656509
2014,September,Canned Meats,47948491
2014,September,Confectionary,35027410
2014,September,Cordial,11712511
2014,September,Crisps and snacks,14853020
2014,September,Electrolyte drinks,23662375
2014,September,Noodles,17778012
2014,September,Processed Meats,35289670
2014,September,Soft Drinks,23722889
2014,September,Sugar,10326495
2015,April,Bakery products,91430297
2015,April,Canned Meats,21711002
2015,April,Confectionary,32098837
2015,April,Cordial,22201636
2015,April,Crisps and snacks,11757235
2015,April,Electrolyte drinks,14343679
2015,April,Noodles,44372159
2015,April,Processed Meats,8847428
2015,April,Soft Drinks,14907851
2015,April,Sugar,13367307
2015,August,Bakery products,64081480
2015,August,Canned Meats,32893851
2015,August,Confectionary,36833157
2015,August,Cordial,13082294
2015,August,Crisps and snacks,10128228
2015,August,Electrolyte drinks,21172426
2015,August,Noodles,25012058
2015,August,Processed Meats,32227960
2015,August,Soft Drinks,23385044
2015,August,Sugar,10897422
2015,December,Bakery products,73397337
2015,December,Canned Meats,28140674
2015,December,Confectionary,61478894
2015,December,Cordial,27716252
2015,December,Crisps and snacks,15595992
2015,December,Electrolyte drinks,47863277
2015,December,Noodles,26767417
2015,December,Processed Meats,27221687
2015,December,Soft Drinks,45066756
2015,December,Sugar,11413131
2015,February,Bakery products,47362264
2015,February,Canned Meats,35841016
2015,February,Confectionary,19584344
2015,February,Cordial,13394166
2015,February,Crisps and snacks,5130148
2015,February,Electrolyte drinks,30653042
2015,February,Noodles,18377210
2015,February,Processed Meats,26301727
2015,February,Soft Drinks,30423878
2015,February,Sugar,16431337
2015,January,Bakery products,32888171
2015,January,Canned Meats,5767636
2015,January,Confectionary,14278247
2015,January,Cordial,11202813
2015,January,Crisps and snacks,4322898
2015,January,Electrolyte drinks,11637180
2015,January,Noodles,16973766
2015,January,Processed Meats,5511977
2015,January,Soft Drinks,11913965
2015,January,Sugar,11517926
2015,July,Bakery products,43263478
2015,July,Canned Meats,43151866
2015,July,Confectionary,32584134
2015,July,Cordial,20003431
2015,July,Crisps and snacks,10798250
2015,July,Electrolyte drinks,8590095
2015,July,Noodles,27874134
2015,July,Processed Meats,41631698
2015,July,Soft Drinks,3208406
2015,July,Sugar,10439531
2015,June,Bakery products,68862018
2015,June,Canned Meats,26994268
2015,June,Confectionary,37152088
2015,June,Cordial,17542951
2015,June,Crisps and snacks,18390180
2015,June,Electrolyte drinks,33235551
2015,June,Noodles,31656115
2015,June,Processed Meats,16167487
2015,June,Soft Drinks,31045174
2015,June,Sugar,13927979
2015,March,Bakery products,57472563
2015,March,Canned Meats,17243268
2015,March,Confectionary,38630857
2015,March,Cordial,18377887
2015,March,Crisps and snacks,14662824
2015,March,Electrolyte drinks,17119356
2015,March,Noodles,41862175
2015,March,Processed Meats,5971761
2015,March,Soft Drinks,17760199
2015,March,Sugar,2164758
2015,May,Bakery products,51806321
2015,May,Canned Meats,5027451
2015,May,Confectionary,18235063
2015,May,Cordial,15287224
2015,May,Crisps and snacks,4259566
2015,May,Electrolyte drinks,22932365
2015,May,Noodles,18432294
2015,May,Processed Meats,5006898
2015,May,Soft Drinks,22039479
2015,May,Sugar,6998312
2015,November,Bakery products,82645332
2015,November,Canned Meats,15017755
2015,November,Confectionary,52158204
2015,November,Cordial,22095546
2015,November,Crisps and snacks,20846127
2015,November,Electrolyte drinks,18415753
2015,November,Noodles,35512229
2015,November,Processed Meats,14675144
2015,November,Soft Drinks,16935034
2015,November,Sugar,9286312
2015,October,Bakery products,91110688
2015,October,Canned Meats,29431150
2015,October,Confectionary,46955804
2015,October,Cordial,18745913
2015,October,Crisps and snacks,16266603
2015,October,Electrolyte drinks,9740424
2015,October,Noodles,36648574
2015,October,Processed Meats,20952616
2015,October,Soft Drinks,8400812
2015,October,Sugar,14655081
2015,September,Bakery products,42516452
2015,September,Canned Meats,5435145
2015,September,Confectionary,27121711
2015,September,Cordial,24518583
2015,September,Crisps and snacks,12527559
2015,September,Electrolyte drinks,11335811
2015,September,Noodles,18615967
2015,September,Processed Meats,5215620
2015,September,Soft Drinks,9794408
2015,September,Sugar,10141946
2016,April,Bakery products,80656046
2016,April,Canned Meats,3362423
2016,April,Confectionary,40628862
2016,April,Cordial,13420721
2016,April,Crisps and snacks,17902661
2016,April,Electrolyte drinks,28807227
2016,April,Noodles,42321220
2016,April,Processed Meats,1436337
2016,April,Soft Drinks,26777360
2016,April,Sugar,5234158
2016,August,Bakery products,87425998
2016,August,Canned Meats,28109067
2016,August,Confectionary,32834786
2016,August,Cordial,11466830
2016,August,Crisps and snacks,15607294
2016,August,Electrolyte drinks,13774579
2016,August,Noodles,32651431
2016,August,Processed Meats,27815040
2016,August,Soft Drinks,12611504
2016,August,Sugar,27759545
2016,December,Bakery products,53209236
2016,December,Canned Meats,16142503
2016,December,Confectionary,36406290
2016,December,Cordial,17902046
2016,December,Crisps and snacks,16683308
2016,December,Electrolyte drinks,20802259
2016,December,Noodles,27902705
2016,December,Processed Meats,6004527
2016,December,Soft Drinks,19499081
2016,December,Sugar,24738149
2016,February,Bakery products,43429930
2016,February,Canned Meats,2723873
2016,February,Confectionary,25693850
2016,February,Cordial,16402228
2016,February,Crisps and snacks,5544211
2016,February,Electrolyte drinks,13906057
2016,February,Noodles,25030333
2016,February,Processed Meats,2465655
2016,February,Soft Drinks,9931476
2016,February,Sugar,5344479
2016,January,Bakery products,62539996
2016,January,Canned Meats,27845207
2016,January,Confectionary,31091270
2016,January,Cordial,13841863
2016,January,Crisps and snacks,9941690
2016,January,Electrolyte drinks,16391581
2016,January,Noodles,18156051
2016,January,Processed Meats,27211278
2016,January,Soft Drinks,14561857
2016,January,Sugar,5629921
2016,July,Bakery products,61717626
2016,July,Canned Meats,6658633
2016,July,Confectionary,37981623
2016,July,Cordial,15588863
2016,July,Crisps and snacks,19620572
2016,July,Electrolyte drinks,18589903
2016,July,Noodles,38853290
2016,July,Processed Meats,6363703
2016,July,Soft Drinks,17163765
2016,July,Sugar,17747496
2016,June,Bakery products,73044471
2016,June,Canned Meats,27269269
2016,June,Confectionary,20200035
2016,June,Cordial,21167089
2016,June,Crisps and snacks,6753613
2016,June,Electrolyte drinks,9098541
2016,June,Noodles,19522719
2016,June,Processed Meats,16252841
2016,June,Soft Drinks,5755727
2016,June,Sugar,21415881
2016,March,Bakery products,57094718
2016,March,Canned Meats,34782776
2016,March,Confectionary,8369582
2016,March,Cordial,10682715
2016,March,Crisps and snacks,3167561
2016,March,Electrolyte drinks,11184455
2016,March,Noodles,8397088
2016,March,Processed Meats,34590806
2016,March,Soft Drinks,9952419
2016,March,Sugar,2975832
2016,May,Bakery products,42560614
2016,May,Canned Meats,23266635
2016,May,Confectionary,14681624
2016,May,Cordial,13248137
2016,May,Crisps and snacks,8555757
2016,May,Electrolyte drinks,13709783
2016,May,Noodles,20040993
2016,May,Processed Meats,14657362
2016,May,Soft Drinks,12762984
2016,May,Sugar,3557415
2016,November,Bakery products,141693072
2016,November,Canned Meats,37892186
2016,November,Confectionary,51493643
2016,November,Cordial,19062952
2016,November,Crisps and snacks,23988775
2016,November,Electrolyte drinks,67028083
2016,November,Noodles,52575485
2016,November,Processed Meats,37583995
2016,November,Soft Drinks,63591933
2016,November,Sugar,22977248
2016,October,Bakery products,70380623
2016,October,Canned Meats,8179337
2016,October,Confectionary,29923189
2016,October,Cordial,20901429
2016,October,Crisps and snacks,13730009
2016,October,Electrolyte drinks,7197533
2016,October,Noodles,27966690
2016,October,Processed Meats,7310910
2016,October,Soft Drinks,5540111
2016,October,Sugar,10104000
2016,September,Bakery products,53648696
2016,September,Canned Meats,14074569
2016,September,Confectionary,26345304
2016,September,Cordial,16567367
2016,September,Crisps and snacks,9033165
2016,September,Electrolyte drinks,16352185
2016,September,Noodles,21488962
2016,September,Processed Meats,14032021
2016,September,Soft Drinks,14464960
2016,September,Sugar,35291396
2017,April,Bakery products,44834940
2017,April,Canned Meats,24950566
2017,April,Confectionary,34215658
2017,April,Cordial,11685338
2017,April,Crisps and snacks,9476631
2017,April,Electrolyte drinks,14952737
2017,April,Noodles,18241015
2017,April,Processed Meats,17255914
2017,April,Soft Drinks,14279488
2017,April,Sugar,4392543
2017,August,Bakery products,117565229.8
2017,August,Canned Meats,22819301.12
2017,August,Confectionary,34609315
2017,August,Cordial,28697801.02
2017,August,Crisps and snacks,14678170
2017,August,Electrolyte drinks,15374219
2017,August,Noodles,44254256.58
2017,August,Processed Meats,22794613.12
2017,August,Soft Drinks,13653231
2017,August,Sugar,21880776
2017,December,Bakery products,90618979
2017,December,Canned Meats,32817578
2017,December,Confectionary,30760061
2017,December,Cordial,21004170
2017,December,Crisps and snacks,9027614
2017,December,Electrolyte drinks,31694759
2017,December,Noodles,25527927
2017,December,Processed Meats,31970129
2017,December,Soft Drinks,27871255
2017,December,Sugar,10052784
2017,February,Bakery products,44547017
2017,February,Canned Meats,12838723
2017,February,Confectionary,29785906
2017,February,Cordial,16345285
2017,February,Crisps and snacks,10847196
2017,February,Electrolyte drinks,27304933
2017,February,Noodles,19798972
2017,February,Processed Meats,2152142
2017,February,Soft Drinks,22372797
2017,February,Sugar,20196577
2017,January,Bakery products,36831323
2017,January,Canned Meats,13177588
2017,January,Confectionary,28470538
2017,January,Cordial,8732980
2017,January,Crisps and snacks,2531178
2017,January,Electrolyte drinks,37994442
2017,January,Noodles,6416820
2017,January,Processed Meats,11731905
2017,January,Soft Drinks,33836740
2017,January,Sugar,7661715
2017,July,Bakery products,61613554.41
2017,July,Canned Meats,30093635.56
2017,July,Confectionary,36661992.02
2017,July,Cordial,9636193.59
2017,July,Crisps and snacks,13145985
2017,July,Electrolyte drinks,6418094
2017,July,Noodles,30122853
2017,July,Processed Meats,29876316.56
2017,July,Soft Drinks,5941199
2017,July,Sugar,8308431.14
2017,June,Bakery products,86253575
2017,June,Canned Meats,16533329
2017,June,Confectionary,27929006
2017,June,Cordial,18976660
2017,June,Crisps and snacks,10529516
2017,June,Electrolyte drinks,27680409
2017,June,Noodles,22895775
2017,June,Processed Meats,16108400
2017,June,Soft Drinks,25279463
2017,June,Sugar,29182110
2017,March,Bakery products,73229205
2017,March,Canned Meats,27008164
2017,March,Confectionary,32748875
2017,March,Cordial,27462390
2017,March,Crisps and snacks,11690683
2017,March,Electrolyte drinks,84129474
2017,March,Noodles,41608463
2017,March,Processed Meats,26876611
2017,March,Soft Drinks,71970224
2017,March,Sugar,11285272
2017,May,Bakery products,64641398
2017,May,Canned Meats,27893228
2017,May,Confectionary,27070328
2017,May,Cordial,17239128
2017,May,Crisps and snacks,10550789
2017,May,Electrolyte drinks,27821894
2017,May,Noodles,33592030
2017,May,Processed Meats,26415333
2017,May,Soft Drinks,24878115
2017,May,Sugar,19222049
2017,November,Bakery products,92778030
2017,November,Canned Meats,50606952
2017,November,Confectionary,52422386
2017,November,Cordial,18688939
2017,November,Crisps and snacks,29973235
2017,November,Electrolyte drinks,15404379
2017,November,Noodles,43641381
2017,November,Processed Meats,38502282
2017,November,Soft Drinks,15177086
2017,November,Sugar,27294432
2017,October,Bakery products,111466176
2017,October,Canned Meats,38325846
2017,October,Confectionary,66313057
2017,October,Cordial,26043112
2017,October,Crisps and snacks,16395390
2017,October,Electrolyte drinks,5869136
2017,October,Noodles,47355714
2017,October,Processed Meats,38289600
2017,October,Soft Drinks,1735890
2017,October,Sugar,15880960
2017,September,Bakery products,65171841.75
2017,September,Canned Meats,28331652
2017,September,Confectionary,43143482.72
2017,September,Cordial,15791959.19
2017,September,Crisps and snacks,16105043
2017,September,Electrolyte drinks,7332717
2017,September,Noodles,33230457.84
2017,September,Processed Meats,27542734
2017,September,Soft Drinks,4273666
2017,September,Sugar,15526330.23
2018,April,Bakery products,63378268
2018,April,Canned Meats,10468968
2018,April,Confectionary,15726829
2018,April,Cordial,10864583
2018,April,Crisps and snacks,5397149
2018,April,Electrolyte drinks,6861195
2018,April,Noodles,17416199
2018,April,Processed Meats,10452244
2018,April,Soft Drinks,6199284
2018,April,Sugar,9031250
2018,August,Bakery products,42258602
2018,August,Canned Meats,37156820
2018,August,Confectionary,29361586
2018,August,Cordial,11621169
2018,August,Crisps and snacks,11308341
2018,August,Electrolyte drinks,8584400
2018,August,Noodles,18697649
2018,August,Processed Meats,28674590
2018,August,Soft Drinks,7391855
2018,August,Sugar,11670472
2018,December,Bakery products,113605546
2018,December,Canned Meats,51381384
2018,December,Confectionary,65964610
2018,December,Cordial,17428981
2018,December,Crisps and snacks,29138084
2018,December,Electrolyte drinks,13115519
2018,December,Noodles,54444759
2018,December,Processed Meats,31053165
2018,December,Soft Drinks,11716472
2018,December,Sugar,13473516
2018,February,Bakery products,26915800
2018,February,Canned Meats,13533916
2018,February,Confectionary,26183556
2018,February,Cordial,16378693
2018,February,Crisps and snacks,12001608
2018,February,Electrolyte drinks,14464767
2018,February,Noodles,23057944
2018,February,Processed Meats,13509338
2018,February,Soft Drinks,11493415
2018,February,Sugar,17004845
2018,January,Bakery products,43245302
2018,January,Canned Meats,7416431
2018,January,Confectionary,9743607
2018,January,Cordial,10689278
2018,January,Crisps and snacks,5178933
2018,January,Electrolyte drinks,29082325
2018,January,Noodles,10235263
2018,January,Processed Meats,3957662
2018,January,Soft Drinks,26642839
2018,January,Sugar,3597430
2018,July,Bakery products,87395602
2018,July,Canned Meats,32229044
2018,July,Confectionary,43775853
2018,July,Cordial,17060395
2018,July,Crisps and snacks,22677643
2018,July,Electrolyte drinks,23287774
2018,July,Noodles,39282679
2018,July,Processed Meats,30946894
2018,July,Soft Drinks,21890444
2018,July,Sugar,18495289
2018,June,Bakery products,49986343
2018,June,Canned Meats,23616985
2018,June,Confectionary,26539609
2018,June,Cordial,16740959
2018,June,Crisps and snacks,10638313
2018,June,Electrolyte drinks,8451321
2018,June,Noodles,25164263
2018,June,Processed Meats,23569092
2018,June,Soft Drinks,5615732
2018,June,Sugar,20587127
2018,March,Bakery products,66272690
2018,March,Canned Meats,16043277
2018,March,Confectionary,40608010
2018,March,Cordial,13114767
2018,March,Crisps and snacks,12212372
2018,March,Electrolyte drinks,21118794
2018,March,Noodles,30823249
2018,March,Processed Meats,16035422
2018,March,Soft Drinks,18258130
2018,March,Sugar,6899439
2018,May,Bakery products,71623279
2018,May,Canned Meats,24104432
2018,May,Confectionary,53872182
2018,May,Cordial,24632709
2018,May,Crisps and snacks,18670423
2018,May,Electrolyte drinks,26534878
2018,May,Noodles,43729811
2018,May,Processed Meats,23462476
2018,May,Soft Drinks,24595123
2018,May,Sugar,36566911
2018,November,Bakery products,52456038
2018,November,Canned Meats,29702753
2018,November,Confectionary,32386013
2018,November,Cordial,15874701
2018,November,Crisps and snacks,4229093
2018,November,Electrolyte drinks,22906634
2018,November,Noodles,23374112
2018,November,Processed Meats,23914514
2018,November,Soft Drinks,19237422
2018,November,Sugar,24833136
2018,October,Bakery products,75963746
2018,October,Canned Meats,45025003
2018,October,Confectionary,53192345
2018,October,Cordial,20066857
2018,October,Crisps and snacks,24921869
2018,October,Electrolyte drinks,15244708
2018,October,Noodles,48131507
2018,October,Processed Meats,44142134
2018,October,Soft Drinks,13790337
2018,October,Sugar,19071102
2018,September,Bakery products,108406336
2018,September,Canned Meats,36621033
2018,September,Confectionary,40240959
2018,September,Cordial,19126354
2018,September,Crisps and snacks,14238741
2018,September,Electrolyte drinks,19026489
2018,September,Noodles,36048279
2018,September,Processed Meats,36489422
2018,September,Soft Drinks,17289457
2018,September,Sugar,15978341
2019,April,Bakery products,102033542
2019,April,Canned Meats,41655572
2019,April,Confectionary,17840093
2019,April,Cordial,10766059
2019,April,Crisps and snacks,8651862
2019,April,Electrolyte drinks,23783459
2019,April,Noodles,34445903
2019,April,Processed Meats,41380763
2019,April,Soft Drinks,22874190
2019,April,Sugar,10808079
2019,August,Bakery products,89580882
2019,August,Canned Meats,63142501
2019,August,Confectionary,49488658
2019,August,Cordial,14963912
2019,August,Crisps and snacks,20876634
2019,August,Electrolyte drinks,7439506
2019,August,Noodles,34289047
2019,August,Processed Meats,46948248
2019,August,Soft Drinks,6067647
2019,August,Sugar,18941959
2019,December,Bakery products,100986530
2019,December,Canned Meats,68957364
2019,December,Confectionary,51636060
2019,December,Cordial,16603744
2019,December,Crisps and snacks,15855297
2019,December,Electrolyte drinks,37454053
2019,December,Noodles,26860426
2019,December,Processed Meats,51097016
2019,December,Soft Drinks,36359046
2019,December,Sugar,9200818
2019,February,Bakery products,37961369
2019,February,Canned Meats,12353771
2019,February,Confectionary,33092301
2019,February,Cordial,11269123
2019,February,Crisps and snacks,11372403
2019,February,Electrolyte drinks,9447272
2019,February,Noodles,26354617
2019,February,Processed Meats,11607339
2019,February,Soft Drinks,7547090
2019,February,Sugar,11307573
2019,January,Bakery products,58836067
2019,January,Canned Meats,17768707
2019,January,Confectionary,17546602
2019,January,Cordial,11621633
2019,January,Crisps and snacks,9737480
2019,January,Electrolyte drinks,8143527
2019,January,Noodles,14305221
2019,January,Processed Meats,7805563
2019,January,Soft Drinks,4300396
2019,January,Sugar,4783897
2019,July,Bakery products,53560671
2019,July,Canned Meats,48577861
2019,July,Confectionary,33917514
2019,July,Cordial,25007036
2019,July,Crisps and snacks,8397720
2019,July,Electrolyte drinks,16714018
2019,July,Noodles,32144717
2019,July,Processed Meats,37210952
2019,July,Soft Drinks,12969396
2019,July,Sugar,11811678
2019,June,Bakery products,71706401
2019,June,Canned Meats,37885801
2019,June,Confectionary,23819993
2019,June,Cordial,13244294
2019,June,Crisps and snacks,7994455
2019,June,Electrolyte drinks,16274483
2019,June,Noodles,26076785
2019,June,Processed Meats,21491060
2019,June,Soft Drinks,14903498
2019,June,Sugar,5524048
2019,March,Bakery products,40280739
2019,March,Canned Meats,19773530
2019,March,Confectionary,38128894
2019,March,Cordial,17858084
2019,March,Crisps and snacks,12919979
2019,March,Electrolyte drinks,8679264
2019,March,Noodles,31724202
2019,March,Processed Meats,18846652
2019,March,Soft Drinks,7857422
2019,March,Sugar,7031779
2019,May,Bakery products,60919254
2019,May,Canned Meats,17382521
2019,May,Confectionary,35875114
2019,May,Cordial,20979998
2019,May,Crisps and snacks,13283354
2019,May,Electrolyte drinks,16559703
2019,May,Noodles,49467316
2019,May,Processed Meats,16451835
2019,May,Soft Drinks,15329089
2019,May,Sugar,16677613
2019,November,Bakery products,75025046
2019,November,Canned Meats,51807912
2019,November,Confectionary,51944998
2019,November,Cordial,16094917
2019,November,Crisps and snacks,13491669
2019,November,Electrolyte drinks,10550311
2019,November,Noodles,23839236
2019,November,Processed Meats,44552295
2019,November,Soft Drinks,9743551
2019,November,Sugar,17265978
2019,October,Bakery products,93701998
2019,October,Canned Meats,35324214
2019,October,Confectionary,31900811
2019,October,Cordial,27457649
2019,October,Crisps and snacks,17252024
2019,October,Electrolyte drinks,14945317
2019,October,Noodles,29136385
2019,October,Processed Meats,35050680
2019,October,Soft Drinks,13019783
2019,October,Sugar,10454736
2019,September,Bakery products,47494345
2019,September,Canned Meats,27039172
2019,September,Confectionary,34534807
2019,September,Cordial,14005201
2019,September,Crisps and snacks,12372621
2019,September,Electrolyte drinks,11183866
2019,September,Noodles,27471109
2019,September,Processed Meats,20895759
2019,September,Soft Drinks,10437810
2019,September,Sugar,6923503
2020,April,Bakery products,90123874
2020,April,Canned Meats,16528817
2020,April,Confectionary,27667860
2020,April,Cordial,9158975
2020,April,Crisps and snacks,7043508
2020,April,Electrolyte drinks,3529845
2020,April,Noodles,28548526
2020,April,Processed Meats,11404590
2020,April,Soft Drinks,3053769
2020,April,Sugar,11613525
2020,August,Bakery products,60550609
2020,August,Canned Meats,16530659
2020,August,Confectionary,26086125
2020,August,Cordial,9631479
2020,August,Crisps and snacks,8316737
2020,August,Electrolyte drinks,12614994
2020,August,Noodles,22385284
2020,August,Processed Meats,5454912
2020,August,Soft Drinks,11900376
2020,August,Sugar,27404876
2020,December,Bakery products,76459091
2020,December,Canned Meats,32234043
2020,December,Confectionary,49614711
2020,December,Cordial,20356431
2020,December,Crisps and snacks,21283045
2020,December,Electrolyte drinks,20897509
2020,December,Noodles,45747185
2020,December,Processed Meats,8936957
2020,December,Soft Drinks,15919890
2020,December,Sugar,11950324
2020,February,Bakery products,50984027
2020,February,Canned Meats,32851203
2020,February,Confectionary,23263080
2020,February,Cordial,12502599
2020,February,Crisps and snacks,10807622
2020,February,Electrolyte drinks,17415586
2020,February,Noodles,28521216
2020,February,Processed Meats,32029210
2020,February,Soft Drinks,14573251
2020,February,Sugar,9293217
2020,January,Bakery products,34278118
2020,January,Canned Meats,28615438
2020,January,Confectionary,42235007
2020,January,Cordial,18458944
2020,January,Crisps and snacks,24538243
2020,January,Electrolyte drinks,15245777
2020,January,Noodles,39359894
2020,January,Processed Meats,27751595
2020,January,Soft Drinks,12512131
2020,January,Sugar,8761970
2020,July,Bakery products,64389746
2020,July,Canned Meats,58282653
2020,July,Confectionary,28747325
2020,July,Cordial,10058330
2020,July,Crisps and snacks,14309143
2020,July,Electrolyte drinks,15436091
2020,July,Noodles,42491600
2020,July,Processed Meats,44548736
2020,July,Soft Drinks,14351275
2020,July,Sugar,21134432
2020,June,Bakery products,71419903
2020,June,Canned Meats,61115143
2020,June,Confectionary,23221496
2020,June,Cordial,14713897
2020,June,Crisps and snacks,8720677
2020,June,Electrolyte drinks,12505890
2020,June,Noodles,21536340
2020,June,Processed Meats,25661388
2020,June,Soft Drinks,11792340
2020,June,Sugar,18568022
2020,March,Bakery products,86338245
2020,March,Canned Meats,44095874
2020,March,Confectionary,51969020
2020,March,Cordial,22489085
2020,March,Crisps and snacks,14110617
2020,March,Electrolyte drinks,19293650
2020,March,Noodles,36111266
2020,March,Processed Meats,21225249
2020,March,Soft Drinks,16093997
2020,March,Sugar,26731966
2020,May,Bakery products,43296829
2020,May,Canned Meats,61068777
2020,May,Confectionary,14372125
2020,May,Cordial,13947259
2020,May,Crisps and snacks,3932725
2020,May,Electrolyte drinks,17602492
2020,May,Noodles,15360678
2020,May,Processed Meats,29359991
2020,May,Soft Drinks,13073066
2020,May,Sugar,11265869
2020,November,Bakery products,96476685
2020,November,Canned Meats,66547780
2020,November,Confectionary,43424373
2020,November,Cordial,19233015
2020,November,Crisps and snacks,16351430
2020,November,Electrolyte drinks,18295060
2020,November,Noodles,37123585
2020,November,Processed Meats,33402754
2020,November,Soft Drinks,15300966
2020,November,Sugar,15312344
2020,October,Bakery products,57202948
2020,October,Canned Meats,36354758
2020,October,Confectionary,42001309
2020,October,Cordial,13265455
2020,October,Crisps and snacks,19917857
2020,October,Electrolyte drinks,5141200
2020,October,Noodles,43118230
2020,October,Processed Meats,22283671
2020,October,Soft Drinks,2464586
2020,October,Sugar,20059399
2020,September,Bakery products,66190198
2020,September,Canned Meats,50814778
2020,September,Confectionary,27764961
2020,September,Cordial,18239608
2020,September,Crisps and snacks,16071018
2020,September,Electrolyte drinks,11578250
2020,September,Noodles,32593189
2020,September,Processed Meats,12088712
2020,September,Soft Drinks,10824944
2020,September,Sugar,16514770
2021,April,Bakery products,59294474
2021,April,Canned Meats,37416061
2021,April,Confectionary,25122719
2021,April,Cordial,14924271
2021,April,Crisps and snacks,13812176
2021,April,Electrolyte drinks,20311256
2021,April,Noodles,32748275
2021,April,Processed Meats,9815799
2021,April,Soft Drinks,17759553
2021,April,Sugar,5414508
2021,August,Bakery products,63785096
2021,August,Canned Meats,43722027
2021,August,Confectionary,31217076
2021,August,Cordial,11223079
2021,August,Crisps and snacks,14801789
2021,August,Electrolyte drinks,12534561
2021,August,Noodles,31662942
2021,August,Processed Meats,21216802
2021,August,Soft Drinks,11642032
2021,August,Sugar,13865720
2021,February,Bakery products,51948730
2021,February,Canned Meats,44367546
2021,February,Confectionary,35344017
2021,February,Cordial,12321320
2021,February,Crisps and snacks,13947089
2021,February,Electrolyte drinks,9579265
2021,February,Noodles,37495538
2021,February,Processed Meats,19746995
2021,February,Soft Drinks,8139600
2021,February,Sugar,5376458
2021,January,Bakery products,65248048
2021,January,Canned Meats,24858853
2021,January,Confectionary,18379653
2021,January,Cordial,10400787
2021,January,Crisps and snacks,8089163
2021,January,Electrolyte drinks,12339964
2021,January,Noodles,10216705
2021,January,Processed Meats,16198976
2021,January,Soft Drinks,8527400
2021,January,Sugar,6582022
2021,July,Bakery products,35282204
2021,July,Canned Meats,11496928
2021,July,Confectionary,23987474
2021,July,Cordial,13614571
2021,July,Crisps and snacks,4629252
2021,July,Electrolyte drinks,2569044
2021,July,Noodles,17125349
2021,July,Processed Meats,11464415
2021,July,Soft Drinks,691135
2021,July,Sugar,9306125
2021,June,Bakery products,48051509
2021,June,Canned Meats,32857896
2021,June,Confectionary,35535208
2021,June,Cordial,19480659
2021,June,Crisps and snacks,18446687
2021,June,Electrolyte drinks,13037174
2021,June,Noodles,40191094
2021,June,Processed Meats,26672252
2021,June,Soft Drinks,11015333
2021,June,Sugar,14681055
2021,March,Bakery products,27590742
2021,March,Canned Meats,7133577
2021,March,Confectionary,17424034
2021,March,Cordial,13379233
2021,March,Crisps and snacks,2627957
2021,March,Electrolyte drinks,11615567
2021,March,Noodles,5944433
2021,March,Processed Meats,4877619
2021,March,Soft Drinks,10906151
2021,March,Sugar,11792086
2021,May,Bakery products,56660148
2021,May,Canned Meats,40253935
2021,May,Confectionary,30834898
2021,May,Cordial,10364690
2021,May,Crisps and snacks,14169284
2021,May,Electrolyte drinks,11320227
2021,May,Noodles,32785461
2021,May,Processed Meats,28499503
2021,May,Soft Drinks,9852174
2021,May,Sugar,21507800